<?xml version="1.0" encoding="utf-8"?><feed xmlns="http://www.w3.org/2005/Atom" ><generator uri="https://jekyllrb.com/" version="4.1.1">Jekyll</generator><link href="http://localhost:4000/feed.xml" rel="self" type="application/atom+xml" /><link href="http://localhost:4000/" rel="alternate" type="text/html" /><updated>2020-08-10T02:29:55+01:00</updated><id>http://localhost:4000/feed.xml</id><title type="html">Sirvan Almasi</title><subtitle>Personal PhD site and blog.
</subtitle><entry><title type="html">New blog!</title><link href="http://localhost:4000/general/2020/08/10/new-blog.html" rel="alternate" type="text/html" title="New blog!" /><published>2020-08-10T00:00:00+01:00</published><updated>2020-08-10T00:00:00+01:00</updated><id>http://localhost:4000/general/2020/08/10/new-blog</id><content type="html" xml:base="http://localhost:4000/general/2020/08/10/new-blog.html">&lt;p&gt;Blog added.&lt;/p&gt;</content><author><name></name></author><category term="general" /><category term="admin" /><summary type="html">Blog added.</summary></entry></feed>